question_id,dataset,mean_agreement,std_agreement,gold_pass_rate,n_models,difficulty
cf3b5e30b01fd2c4,scientsbank,0.0071428571428571435,0.014015297764534702,0.0,21,0.9928571428571429
4fd5c125a23fbf38,scientsbank,0.009523809523809523,0.023016557187422813,0.0,21,0.9904761904761905
7fcc6057d68cd5bf,scientsbank,0.010714285714285714,0.014940357616679924,0.0,21,0.9892857142857143
e36df80b1f2a1d1a,scientsbank,0.01904761904761905,0.03345216912320663,0.0,21,0.9809523809523809
ed23b6942d648e75,scientsbank,0.02142857142857143,0.05983608562445527,0.0,21,0.9785714285714285
cd230064f429ace8,scientsbank,0.023809523809523808,0.0768424485864545,0.0,21,0.9761904761904762
5f69c9f27aa26f4f,scientsbank,0.026406926406926406,0.04886351052032522,0.0,21,0.9735930735930736
1a1de6f19daaa770,scientsbank,0.027619047619047623,0.06363212725540156,0.0,21,0.9723809523809523
e824d0133269e52e,scientsbank,0.03214285714285715,0.11378237372909994,0.0,21,0.9678571428571429
1294c0904d9595c3,scientsbank,0.03428571428571429,0.07103319143692115,0.0,21,0.9657142857142857
3b40caf0992267a4,scientsbank,0.0369047619047619,0.0785091744714621,0.0,21,0.9630952380952381
52b62b17bfc79f09,scientsbank,0.036904761904761905,0.024519185879438906,0.0,21,0.9630952380952381
1998ea261423e4cf,scientsbank,0.03785103785103785,0.031002372731667956,0.0,21,0.9621489621489622
1fc1397cfb8504fb,scientsbank,0.0380952380952381,0.1745743121887939,0.0,21,0.9619047619047619
6f37da5d49405e7e,scientsbank,0.0380952380952381,0.0967015536389694,0.0,21,0.9619047619047619
24ee8d4b3e6e6889,scientsbank,0.03907203907203907,0.12179326520372162,0.0,21,0.960927960927961
20a17168f9601ccc,scientsbank,0.03928571428571429,0.030178043106110868,0.0,21,0.9607142857142857
dd56b0f1f10a04bf,scientsbank,0.040293040293040296,0.08171864809924487,0.0,21,0.9597069597069597
8ff9b3ecd5466f35,scientsbank,0.041428571428571426,0.16248956010420224,0.0,21,0.9585714285714286
856c73e1aaa3870d,scientsbank,0.044047619047619044,0.13530169111673224,0.0,21,0.955952380952381
35bd2bdf9cba6419,scientsbank,0.04404761904761905,0.030521265030264047,0.0,21,0.955952380952381
98b3bf174a062672,scientsbank,0.04404761904761905,0.05963679752508194,0.0,21,0.955952380952381
53f9af16c3da58f9,scientsbank,0.045112781954887216,0.0629067689123365,0.0,21,0.9548872180451128
c87419923d20365f,scientsbank,0.047619047619047616,0.12743252182644593,0.0,21,0.9523809523809523
647e47eb9cb05cba,scientsbank,0.04884004884004883,0.14274125727662862,0.0,21,0.9511599511599511
4f524138de9a9b52,scientsbank,0.04904761904761905,0.156489768416493,0.0,21,0.950952380952381
8d9a4e38bd73adf4,scientsbank,0.05,0.09387491677759294,0.0,21,0.95
d8c6d747837bff28,scientsbank,0.052910052910052914,0.1504306222958664,0.0,21,0.9470899470899471
776fc298258916ec,scientsbank,0.0561904761904762,0.05248582575097685,0.0,21,0.9438095238095238
fdb31fd76c1d0c1f,scientsbank,0.05714285714285714,0.15575278030079776,0.0,21,0.9428571428571428
10790c9765ba65ac,scientsbank,0.05750224618149146,0.07171702592568344,0.0,21,0.9424977538185085
63d973d1ac8d2618,scientsbank,0.05868205868205868,0.1413643147290679,0.0,21,0.9413179413179413
b1280908a176679c,scientsbank,0.06071428571428571,0.1473879719845357,0.0,21,0.9392857142857143
5c99451934e6b4c8,scientsbank,0.06080586080586081,0.05928093589328029,0.0,21,0.9391941391941392
ca86af04d2ebef06,scientsbank,0.06190476190476189,0.12109372599846152,0.0,21,0.9380952380952381
75f08d441ae06aa0,scientsbank,0.06547619047619048,0.113599128098599,0.0,21,0.9345238095238095
c7c95740735b5a6e,scientsbank,0.0654761904761905,0.1642171181843169,0.0,21,0.9345238095238095
b43eafde9c864fdd,scientsbank,0.06714285714285714,0.15043745734167593,0.0,21,0.9328571428571428
14f09dd10086920e,scientsbank,0.06746031746031747,0.04961640035320384,0.0,21,0.9325396825396826
06912ad16ddd09ee,scientsbank,0.06837606837606838,0.048197853606398916,0.0,21,0.9316239316239316
dffb628e08ae1524,scientsbank,0.07022607022607022,0.04194975038973839,0.0,21,0.9297739297739298
301add73b3fce054,scientsbank,0.07023809523809524,0.0545544725589981,0.0,21,0.9297619047619048
477c48c2ecb5d684,scientsbank,0.07380952380952381,0.12361133404652627,0.0,21,0.9261904761904762
17cd5916803fba23,scientsbank,0.0761904761904762,0.06958636292235645,0.0,21,0.9238095238095239
093bb1777ed0cb66,scientsbank,0.07692307692307693,0.05254846546645947,0.0,21,0.9230769230769231
3509ecca84aed6ae,scientsbank,0.07738095238095238,0.040237390808147824,0.0,21,0.9226190476190477
2ffe73bd9ff68416,scientsbank,0.07857142857142857,0.07995534467974698,0.0,21,0.9214285714285715
b5b116618318b2cf,scientsbank,0.07894736842105263,0.10721867782875455,0.0,21,0.9210526315789473
1c6e2adea99fd079,scientsbank,0.07936507936507937,0.0742726120520632,0.0,21,0.9206349206349206
daae75fd36ecab5f,scientsbank,0.07952380952380952,0.0776837299874427,0.0,21,0.9204761904761904
a2e00851d6f5a62d,scientsbank,0.08013937282229965,0.13692094167024912,0.0,21,0.9198606271777003
d2990a08b6dd0b65,scientsbank,0.08214285714285714,0.08665407417674353,0.0,21,0.9178571428571428
d252b05c65b3fa17,scientsbank,0.08214285714285714,0.06232117273791125,0.0,21,0.9178571428571428
145495e14b931b97,scientsbank,0.08424908424908424,0.07612528910430152,0.0,21,0.9157509157509157
ad703e58a5367930,scientsbank,0.08523809523809524,0.16542729664777361,0.0,21,0.9147619047619048
624b3ab3b1715385,scientsbank,0.08646616541353383,0.08653968760440944,0.0,21,0.9135338345864662
bee3720c3d5fb534,scientsbank,0.08798185941043084,0.05065599260144598,0.0,21,0.9120181405895692
8fba5ca331e555a0,scientsbank,0.08897243107769423,0.1533278561560827,0.0,21,0.9110275689223057
36655052e11bacd3,scientsbank,0.09095238095238095,0.10866944197449263,0.0,21,0.9090476190476191
49a2c6991a800462,scientsbank,0.09166666666666667,0.07260050504874833,0.0,21,0.9083333333333333
a8ce70e60de4838d,scientsbank,0.0919047619047619,0.09097357020690391,0.0,21,0.9080952380952381
d70abd48de341eaa,scientsbank,0.09285714285714286,0.0720862578542441,0.0,21,0.9071428571428571
4076f59c8d5af3a3,scientsbank,0.0930232558139535,0.13196521822428942,0.0,21,0.9069767441860465
b96ba44556e78ed1,scientsbank,0.09401709401709402,0.14647587853856528,0.0,21,0.905982905982906
34e1385446027adb,scientsbank,0.09523809523809523,0.11418708541770596,0.0,21,0.9047619047619048
84696ba940b16753,scientsbank,0.09523809523809523,0.07437791851647904,0.0,21,0.9047619047619048
405e6d00f03a4c48,scientsbank,0.09523809523809523,0.0640405377568808,0.0,21,0.9047619047619048
fdb20e10cc0b7b27,scientsbank,0.09642857142857142,0.1132711664231332,0.0,21,0.9035714285714286
15c45447df2d9384,scientsbank,0.09768009768009767,0.16570115754188247,0.0,21,0.9023199023199023
780289b9c9f6f7c5,scientsbank,0.09880952380952382,0.06541988921392258,0.0,21,0.9011904761904762
81e401090881d249,scientsbank,0.09952380952380951,0.05219925195596107,0.0,21,0.9004761904761904
4059bb5b346adb54,scientsbank,0.10119047619047619,0.07643469045375866,0.0,21,0.8988095238095238
73cce332795c4532,scientsbank,0.10238095238095238,0.08835466948072196,0.0,21,0.8976190476190476
2bbf43aad37c91de,scientsbank,0.10476190476190476,0.07272338328344245,0.0,21,0.8952380952380953
bce7202934a632bf,scientsbank,0.10476190476190476,0.12664395159734426,0.0,21,0.8952380952380953
65c6a0b75941621f,scientsbank,0.10714285714285714,0.0997317831557652,0.0,21,0.8928571428571429
bfdff5b42b938dc7,scientsbank,0.10714285714285714,0.146659226001737,0.0,21,0.8928571428571429
adcf46e217ab883b,scientsbank,0.10801393728222995,0.07540153412687972,0.0,21,0.89198606271777
3bdaf183f4857fd1,scientsbank,0.10904761904761905,0.06744662792940517,0.0,21,0.8909523809523809
99879a502b5920ba,scientsbank,0.10952380952380954,0.07136008621604871,0.0,21,0.8904761904761904
3a7213980a8b14fd,scientsbank,0.1098901098901099,0.04874685859017039,0.0,21,0.8901098901098901
bfa047f540b3513c,scientsbank,0.11071428571428572,0.08752550648647675,0.0,21,0.8892857142857142
d0f2fe5fe5d074f2,scientsbank,0.11285714285714286,0.0960282696471647,0.0,21,0.8871428571428571
e38d4ec3f1e094c2,scientsbank,0.11285714285714286,0.062220804972521616,0.0,21,0.8871428571428571
3d3b571dfb3e048a,scientsbank,0.11547619047619047,0.05993548118403576,0.0,21,0.8845238095238095
dd46a46ba4936a0e,scientsbank,0.11666666666666667,0.10438310846747827,0.0,21,0.8833333333333333
c5ffeb834c9517bf,scientsbank,0.1173294059891998,0.13095121921527642,0.0,21,0.8826705940108002
ad73b74bd78fd0ad,scientsbank,0.11785714285714285,0.05070925528371099,0.0,21,0.8821428571428571
41e366f742d77c89,scientsbank,0.12047619047619049,0.08552638133793516,0.0,21,0.8795238095238095
a078560679365e19,scientsbank,0.12142857142857141,0.0435069780938316,0.0,21,0.8785714285714286
722524ac15072800,scientsbank,0.12238095238095237,0.0623622291058267,0.0,21,0.8776190476190476
3104c44a4d7d3bce,scientsbank,0.12285714285714286,0.05728375486495776,0.0,21,0.8771428571428571
919d2438ae25945a,scientsbank,0.12332112332112333,0.0516773531094132,0.0,21,0.8766788766788767
7378c174caefdb9a,scientsbank,0.125,0.11752659273543159,0.0,21,0.875
1cb33b9bc6ec2dd2,scientsbank,0.1261904761904762,0.09600657219566744,0.0,21,0.8738095238095238
27f50863dfcd31cb,scientsbank,0.1261904761904762,0.05781229890569916,0.0,21,0.8738095238095238
d4503c20d90f3128,scientsbank,0.12830687830687829,0.08262485430600632,0.0,21,0.8716931216931217
842ceb6e2b08dc44,scientsbank,0.12838468720821664,0.13854105948231843,0.0,21,0.8716153127917834
bac31e5e7d8a0aa8,scientsbank,0.13095238095238096,0.07620070615845774,0.0,21,0.8690476190476191
f4da31db9f21866a,scientsbank,0.13142857142857145,0.08861634805642322,0.0,21,0.8685714285714285
8887e9c486f0e711,scientsbank,0.13265306122448978,0.1423744680342658,0.0,21,0.8673469387755102
17d7f798b63d5c84,mohler,0.13492063492063494,0.11129350109617087,0.0,21,0.8650793650793651
9a98bc91ef196fb8,scientsbank,0.13571428571428573,0.045806269065645215,0.0,21,0.8642857142857143
510e87c97abb1da0,scientsbank,0.13675213675213677,0.09467524106699479,0.0,21,0.8632478632478633
9d8fe88f1ee9c598,scientsbank,0.13690476190476192,0.07357778520851573,0.0,21,0.8630952380952381
0e039de1422faf3d,scientsbank,0.1380952380952381,0.11418708541770596,0.0,21,0.861904761904762
5e4500c9fc26f0ea,scientsbank,0.1380952380952381,0.10081513019478017,0.0,21,0.861904761904762
309c31dedbb740ba,scientsbank,0.1380952380952381,0.12263233862318075,0.0,21,0.861904761904762
33cd256d834fe345,scientsbank,0.1392857142857143,0.11472015640555187,0.0,21,0.8607142857142858
d71d510d773d3753,scientsbank,0.13999999999999999,0.08378544026261364,0.0,21,0.86
c89fba9813dcf072,scientsbank,0.14047619047619048,0.11658585636672189,0.0,21,0.8595238095238096
09bfae9ca6078edd,scientsbank,0.14285714285714285,0.05192714676764526,0.0,21,0.8571428571428572
234c2ebd21c0354a,scientsbank,0.14404761904761904,0.11399143660401696,0.0,21,0.855952380952381
b3d08d3bd809e594,scientsbank,0.14404761904761904,0.11723501021046409,0.0,21,0.855952380952381
47a7be706ab82824,scientsbank,0.14529914529914528,0.06553945132540448,0.0,21,0.8547008547008548
186cb3f33489444d,scientsbank,0.1461904761904762,0.0871479311559483,0.0,21,0.8538095238095238
546a5d3ff3d036f1,scientsbank,0.14661654135338345,0.04675881756612365,0.0,21,0.8533834586466166
0a4d0091bb6214dc,scientsbank,0.14761904761904762,0.08975827326239971,0.0,21,0.8523809523809524
b2c33fdf288ffd0a,scientsbank,0.15,0.07984359711335656,0.0,21,0.85
fe60429931301262,scientsbank,0.1519047619047619,0.07820607697737099,0.0,21,0.8480952380952381
cdaae37027d22fc6,scientsbank,0.1523809523809524,0.08800027056235463,0.0,21,0.8476190476190476
211b19d4afee37d0,scientsbank,0.15357142857142858,0.06859560585676858,0.0,21,0.8464285714285714
f293c09e37ba1c93,scientsbank,0.15357142857142858,0.07995534467974698,0.0,21,0.8464285714285714
45f8c3c30adcddf3,scientsbank,0.1538095238095238,0.05817870662675396,0.0,21,0.8461904761904762
63e03fe9a275f3d2,scientsbank,0.15571428571428572,0.05852960179015646,0.0,21,0.8442857142857143
cac788d0ec8ab9b0,scientsbank,0.15595238095238095,0.07578949543998574,0.0,21,0.844047619047619
dccc8cf13e31d2c1,scientsbank,0.1562881562881563,0.06481895177483833,0.0,21,0.8437118437118437
1537cfb66363b311,scientsbank,0.1580952380952381,0.05671146688448886,0.0,21,0.8419047619047619
d652e75eef91967d,scientsbank,0.15833333333333335,0.08885850175044217,0.0,21,0.8416666666666667
2723eacc8a19218c,scientsbank,0.15833333333333335,0.048304589153964794,0.0,21,0.8416666666666667
fda81c483e5c72ee,scientsbank,0.15952380952380954,0.06147976825559694,0.0,21,0.8404761904761905
5fdf8ca664871678,scientsbank,0.1630952380952381,0.10712698295103096,0.0,21,0.8369047619047619
8788bbdf6f044235,scientsbank,0.16333333333333333,0.08481352093465601,0.0,21,0.8366666666666667
6d5941f7d7f413d2,scientsbank,0.1655328798185941,0.07318328436805191,0.0,21,0.8344671201814059
b5e7588f57d62047,scientsbank,0.16785714285714284,0.06232117273791124,0.0,21,0.8321428571428572
cf5ee63fd864af30,scientsbank,0.1742857142857143,0.08680849201382482,0.0,21,0.8257142857142857
87242dddca852ce3,scientsbank,0.17714285714285716,0.19136726097070147,0.0,21,0.8228571428571428
53f9823cbcfe22f1,mohler,0.1813186813186813,0.2371374084047468,0.0,21,0.8186813186813187
e7e3349936bd47a9,scientsbank,0.18146718146718147,0.11471145785894264,0.0,21,0.8185328185328186
80c616d0693557d6,scientsbank,0.18333333333333335,0.06487166818676188,0.0,21,0.8166666666666667
e3744ebdef95e02f,scientsbank,0.18452380952380953,0.08568699962515847,0.0,21,0.8154761904761905
af963d47adc25c98,scientsbank,0.18523809523809526,0.0549198550270344,0.0,21,0.8147619047619048
6e06fc563258161a,scientsbank,0.18619047619047618,0.06192545441708042,0.0,21,0.8138095238095238
0b6e625ffa1a755d,scientsbank,0.1869047619047619,0.061552339323460936,0.0,21,0.8130952380952381
c9adfd72b1655ec1,scientsbank,0.18761904761904763,0.1069067239187864,0.0,21,0.8123809523809524
1e923c26c4898240,scientsbank,0.18928571428571428,0.08644775465976133,0.0,21,0.8107142857142857
270e5d430f6f347b,scientsbank,0.18928571428571428,0.15623928534691361,0.0,21,0.8107142857142857
0dc8c1482769a9d6,scientsbank,0.19047619047619047,0.09201772603559547,0.0,21,0.8095238095238095
ac4dc85fdd3367dc,scientsbank,0.19285714285714284,0.07871739687914339,0.0,21,0.8071428571428572
3d6763f154fc7483,scientsbank,0.19285714285714284,0.17214508000935888,0.0,21,0.8071428571428572
51b42b6823b163aa,scientsbank,0.19761904761904764,0.11934842947876449,0.0,21,0.8023809523809524
ed14a5b92172ee49,scientsbank,0.19761904761904764,0.17498299237082335,0.0,21,0.8023809523809524
7ed0fbadf7448f8b,scientsbank,0.1980952380952381,0.10443270788498436,0.0,21,0.8019047619047619
efa9ba350872723d,scientsbank,0.20119047619047617,0.12361133404652629,0.0,21,0.7988095238095239
7f9181f9d8e490de,scientsbank,0.20119047619047617,0.11949795774305898,0.0,21,0.7988095238095239
17bafe9330f7092d,scientsbank,0.20146520146520147,0.144203294086367,0.0,21,0.7985347985347986
ce4198dab301df2f,scientsbank,0.20175438596491227,0.16979972995202933,0.0,21,0.7982456140350878
9ef3c3461c848dd2,scientsbank,0.20285714285714285,0.06634326319550894,0.0,21,0.7971428571428572
5ea14a0dbd5e84b2,scientsbank,0.20512820512820512,0.10938835388564892,0.0,21,0.7948717948717949
f40909fd78ffe18a,scientsbank,0.20714285714285713,0.06282060626441434,0.0,21,0.7928571428571429
13635613d35a5252,scientsbank,0.20879120879120877,0.10611968801530235,0.0,21,0.7912087912087913
859a4d4f19a01e0c,scientsbank,0.2087912087912088,0.14213681454509908,0.0,21,0.7912087912087912
cf30ccd8bfe90e12,scientsbank,0.2130952380952381,0.09766621972919028,0.0,21,0.7869047619047619
3d3d050e419dce96,scientsbank,0.2130952380952381,0.15764260362031093,0.0,21,0.7869047619047619
7b45d12ee8904a83,scientsbank,0.21476190476190476,0.08846575877813108,0.0,21,0.7852380952380953
3af50ce10fe9fcba,mohler,0.21516754850088182,0.17939811259031335,0.0,21,0.7848324514991182
2f6dbbd3aba87adc,scientsbank,0.21523809523809523,0.14763532936323365,0.0,21,0.7847619047619048
523d076780b6a1d6,scientsbank,0.21666666666666665,0.10498015685515684,0.0,21,0.7833333333333333
5c39174048d0e304,mohler,0.21768707482993196,0.11677247735422985,0.0,21,0.782312925170068
cbd0854261744982,scientsbank,0.21904761904761902,0.10923162371331675,0.0,21,0.780952380952381
a21cb9bc0ae627be,scientsbank,0.22380952380952382,0.07643469045375864,0.0,21,0.7761904761904762
fcd6c9f737736e90,scientsbank,0.2261904761904762,0.07364292514071141,0.0,21,0.7738095238095238
71c13b6372fb68c4,scientsbank,0.22681704260651628,0.19876282698311046,0.0,21,0.7731829573934837
f08a76a9d929d79a,scientsbank,0.2392857142857143,0.10505100801855394,0.0,21,0.7607142857142857
14241e3b9a3ca1ad,mohler,0.23968253968253966,0.16653963412788483,0.0,21,0.7603174603174603
f31130a0cb280b5b,mohler,0.23979591836734693,0.12583540084156075,0.0,21,0.7602040816326531
fdd3904b0a348465,mohler,0.24126984126984125,0.19913835556236933,0.0,21,0.7587301587301587
12e40e6095cb5645,scientsbank,0.24166666666666667,0.14455391151170324,0.0,21,0.7583333333333333
fbaa691436d543e5,mohler,0.2444444444444444,0.17960862802009053,0.0,21,0.7555555555555555
a9d202c2b660ef5e,scientsbank,0.2523809523809524,0.10880738770436325,0.0,21,0.7476190476190476
457db6f19aea317e,scientsbank,0.25357142857142856,0.13676752956333293,0.0,21,0.7464285714285714
78678e5908d12d90,scientsbank,0.25357142857142856,0.14943345389455848,0.0,21,0.7464285714285714
4ee2062b958ce911,mohler,0.25555555555555554,0.20745369853785936,0.0,21,0.7444444444444445
0acd3505f37038fa,mohler,0.2585034013605442,0.16047790628687686,0.0,21,0.7414965986394557
81d89ddf10f449df,mohler,0.2585034013605442,0.1302003763360781,0.0,21,0.7414965986394557
0eb4f36e24756190,scientsbank,0.25952380952380955,0.17365126519769986,0.0,21,0.7404761904761905
3f62ddb6c4811441,scientsbank,0.2642857142857143,0.14696330931805493,0.0,21,0.7357142857142858
1f1d3bca97a76c99,mohler,0.2650793650793651,0.16447768861736248,0.0,21,0.734920634920635
e86dc857a5af05eb,scientsbank,0.26785714285714285,0.12824362974989661,0.0,21,0.7321428571428572
52a43c2c912e6f06,scientsbank,0.26785714285714285,0.07165143802763886,0.0,21,0.7321428571428572
226a267bfd61f072,scientsbank,0.2761904761904762,0.14757967985045198,0.0,21,0.7238095238095238
4405eac960a4cf0c,scientsbank,0.27755102040816326,0.1080977853396418,0.0,21,0.7224489795918367
3fcf31315ccb31df,scientsbank,0.27976190476190477,0.11635587856309829,0.0,21,0.7202380952380952
b6cc68491066df2e,mohler,0.2804232804232804,0.17668313789643655,0.0,21,0.7195767195767195
8b026f4be4e8bf35,scientsbank,0.28095238095238095,0.10750138426572758,0.0,21,0.719047619047619
dab88b21e8de6772,scientsbank,0.2833333333333333,0.10041580220928045,0.0,21,0.7166666666666667
d5427cc5b2f74260,scientsbank,0.2857142857142857,0.11235508187980837,0.0,21,0.7142857142857143
3e17b17d87ef33ae,scientsbank,0.29448621553884713,0.1277384380712238,0.0,21,0.7055137844611529
3b3c0d69d09facfd,scientsbank,0.29642857142857143,0.1670115479326419,0.0,21,0.7035714285714285
f6ea40d690427a95,mohler,0.30158730158730157,0.25850288854526055,0.0,21,0.6984126984126984
a2beb101aa9763d0,mohler,0.30864197530864196,0.18824630471576428,0.0,21,0.691358024691358
8575aa2100d52345,mohler,0.314625850340136,0.268598746620499,0.0,21,0.685374149659864
c791c80b6af4801d,scientsbank,0.31547619047619047,0.20637892795719698,0.0,21,0.6845238095238095
28bbbef43ec919b0,mohler,0.31746031746031744,0.2254614011875115,0.0,21,0.6825396825396826
af8a7a3b614b59d1,scientsbank,0.31761904761904763,0.18785379319845424,0.0,21,0.6823809523809523
aa434d94c19319c8,scientsbank,0.3190476190476191,0.1185603121581907,0.0,21,0.680952380952381
f199ba1afca9b3b0,scientsbank,0.320952380952381,0.1646786191921939,0.0,21,0.679047619047619
8307789368a31952,mohler,0.32222222222222224,0.2781552990154428,0.0,21,0.6777777777777778
4fbd6be0f423b62f,scientsbank,0.32571428571428573,0.18263546831246738,0.0,21,0.6742857142857143
00799664bbfa6227,scientsbank,0.32976190476190476,0.12440333788202983,0.0,21,0.6702380952380953
951aed3591bab658,mohler,0.33640552995391704,0.247898855833087,0.0,21,0.663594470046083
8e1b8cf22bc75a58,mohler,0.336734693877551,0.21740920828795757,0.0,21,0.6632653061224489
ad7710fc5bf20711,mohler,0.336734693877551,0.27975285844398473,0.0,21,0.6632653061224489
c9a43a69b941453d,mohler,0.33699633699633696,0.23737493184819497,0.0,21,0.6630036630036631
7824961e24cbd62c,scientsbank,0.33719433719433717,0.16339797939960166,0.0,21,0.6628056628056629
5c9df48e8460bb2e,mohler,0.34183673469387754,0.2335319507297916,0.0,21,0.6581632653061225
ead43b1cc350d259,mohler,0.34318555008210183,0.13984711818860907,0.0,21,0.6568144499178982
0c34b834cb927c17,mohler,0.3439153439153439,0.2914282640352189,0.0,21,0.656084656084656
51f2ce3b61baef91,mohler,0.34567901234567905,0.24239696192681306,0.0,21,0.654320987654321
c6d7c1c6a3265096,mohler,0.35119047619047616,0.21146456418218612,0.0,21,0.6488095238095238
730b5cac69728cfe,scientsbank,0.3607142857142857,0.18244372909397102,0.0,21,0.6392857142857142
a128ce1006644347,mohler,0.36111111111111116,0.23174059571793565,0.047619047619047616,21,0.6388888888888888
c7097586208ff799,mohler,0.3682539682539683,0.3237756751682989,0.0,21,0.6317460317460317
a7cc859a91d00a18,mohler,0.36984126984126986,0.21728239738101246,0.0,21,0.6301587301587301
8b8a59513f98f15f,scientsbank,0.3726190476190476,0.15469824698117177,0.0,21,0.6273809523809524
483798ae0e9bf11f,mohler,0.3843537414965986,0.2592435920883536,0.0,21,0.6156462585034014
b57f2a08d41552f6,mohler,0.38730158730158726,0.2533061806668388,0.0,21,0.6126984126984127
a274002aacb527f5,mohler,0.39285714285714285,0.24691980024919435,0.0,21,0.6071428571428572
6a9ff205a252c7e5,mohler,0.4015873015873016,0.26863361882687203,0.0,21,0.5984126984126984
7c9fd3174f4e89d1,mohler,0.40564373897707234,0.2853237254824922,0.0,21,0.5943562610229276
82d9d7e7bdeadd21,mohler,0.4074074074074074,0.24483694638575423,0.0,21,0.5925925925925926
fad5929228b8bc17,mohler,0.4115646258503401,0.34378947781083985,0.14285714285714285,21,0.58843537414966
4d708246c4f9cecb,mohler,0.4126984126984127,0.21068042952833418,0.0,21,0.5873015873015873
78d5ef3bd5b65ee9,mohler,0.4174603174603175,0.2711332283458217,0.0,21,0.5825396825396825
683ae005abd61c7c,mohler,0.4194139194139194,0.2307387037195874,0.0,21,0.5805860805860805
5e26ea4881094280,mohler,0.42242703533026116,0.28706138997329256,0.0,21,0.5775729646697388
df1f6a0071684e79,mohler,0.4253968253968254,0.3056695314123775,0.047619047619047616,21,0.5746031746031746
fbaa479b8153c313,mohler,0.42698412698412697,0.23912317783915088,0.0,21,0.573015873015873
77d4c50016bebaab,mohler,0.4333333333333333,0.3582364210034113,0.14285714285714285,21,0.5666666666666667
daa86fd560a89f77,mohler,0.43367346938775514,0.1940721365088152,0.0,21,0.5663265306122449
51f7dbe67c51f4a7,mohler,0.43589743589743585,0.3351528251015796,0.047619047619047616,21,0.5641025641025641
f36c276e44280a01,mohler,0.43650793650793646,0.25974715524156305,0.0,21,0.5634920634920635
76b1066f5860b957,scientsbank,0.4394153701084394,0.24584531625060996,0.0,21,0.5605846298915607
d5c251c7c70f5f84,mohler,0.44322344322344326,0.2751059633448654,0.0,21,0.5567765567765568
7c58ffc50c51a296,mohler,0.4706959706959707,0.31385764541196803,0.047619047619047616,21,0.5293040293040293
2e5b888611de7d6a,mohler,0.473015873015873,0.2678347433314986,0.047619047619047616,21,0.526984126984127
7587e573bc4d8985,mohler,0.47619047619047616,0.3597144337372609,0.14285714285714285,21,0.5238095238095238
98d6f84c43f7b74b,mohler,0.478021978021978,0.28719502181950096,0.047619047619047616,21,0.521978021978022
ae3ab69d91fefd46,mohler,0.4798534798534798,0.32740214844675564,0.0,21,0.5201465201465202
8563d407e24f8da9,mohler,0.48694316436251917,0.26813122920968874,0.047619047619047616,21,0.5130568356374808
907da50e4ffda02e,mohler,0.48847926267281105,0.3023125771557081,0.047619047619047616,21,0.511520737327189
4a88ef16cda273bd,mohler,0.496031746031746,0.3498275274214408,0.047619047619047616,21,0.503968253968254
ada2822620634947,mohler,0.5036630036630036,0.35851946583464783,0.09523809523809523,21,0.49633699633699635
d7a31d1b5701c7fe,mohler,0.5053763440860215,0.27567594220883657,0.047619047619047616,21,0.4946236559139785
3bb8265858f79804,mohler,0.509920634920635,0.2892473356213003,0.047619047619047616,21,0.490079365079365
810d1c7d0c42272b,mohler,0.5142857142857143,0.30615381547542203,0.047619047619047616,21,0.48571428571428565
9b047e04dd9ac297,mohler,0.5142857142857143,0.17999118144182893,0.0,21,0.48571428571428565
552c6e9282a6a03e,mohler,0.5149911816578483,0.2827711105243166,0.047619047619047616,21,0.4850088183421517
384b827d77e2770e,mohler,0.5164835164835165,0.1978327204777598,0.0,21,0.48351648351648346
a87634946e70966c,mohler,0.5188834154351396,0.3204255847274712,0.09523809523809523,21,0.4811165845648604
e65ed48341cc5df1,mohler,0.5277777777777778,0.3241798769087813,0.09523809523809523,21,0.4722222222222222
12a8db106cac744f,mohler,0.543956043956044,0.3366836421543768,0.19047619047619047,21,0.456043956043956
97b1d92e35ff895f,mohler,0.5467980295566502,0.3440138181082716,0.14285714285714285,21,0.45320197044334976
80734a313aa7e552,mohler,0.5467980295566502,0.2181659892029748,0.0,21,0.45320197044334976
e16a2d9107f1fcea,mohler,0.5560675883256528,0.326413481437546,0.09523809523809523,21,0.44393241167434716
f298fb8dee2e0847,mohler,0.5573192239858906,0.33934419737235344,0.09523809523809523,21,0.4426807760141094
b49c559b7155e660,mohler,0.5666666666666667,0.30495901363953815,0.09523809523809523,21,0.43333333333333335
1fcd40f40472d1fe,mohler,0.5714285714285714,0.3737625084173274,0.3333333333333333,21,0.4285714285714286
1ed353a72ef2a4f8,mohler,0.5829228243021346,0.22530327345667378,0.0,21,0.4170771756978654
8e345bcfe0086f24,mohler,0.5867346938775511,0.4072949948477005,0.19047619047619047,21,0.41326530612244894
9e874db9ec0697c5,mohler,0.5934065934065934,0.3441332970231648,0.14285714285714285,21,0.4065934065934066
8a27032681c10a64,mohler,0.5936507936507937,0.32991902165010256,0.23809523809523808,21,0.40634920634920635
9eaf4d9f8d103986,mohler,0.5960061443932412,0.25310127359420803,0.047619047619047616,21,0.4039938556067588
1f2dcc9aa70c85d0,mohler,0.6084656084656085,0.3747100257139731,0.42857142857142855,21,0.3915343915343915
330c9e050d1cf143,mohler,0.6135531135531136,0.36920596681043844,0.23809523809523808,21,0.3864468864468864
d3ee084a72db4565,mohler,0.620748299319728,0.338528514172259,0.19047619047619047,21,0.37925170068027203
1c3a12552fbf25bd,mohler,0.6288998357963875,0.3442935108734687,0.2857142857142857,21,0.37110016420361247
8538fac0e49f5b07,mohler,0.6317460317460318,0.24048011940841976,0.19047619047619047,21,0.36825396825396817
35ca3259034ea7d2,mohler,0.631868131868132,0.3643855630318925,0.2857142857142857,21,0.36813186813186805
dd0a22d4dbff5b4a,mohler,0.6338259441707718,0.2365216102467105,0.0,21,0.36617405582922824
77ccbf816d233fe0,mohler,0.6684303350970018,0.301908922229597,0.19047619047619047,21,0.3315696649029982
4d3fef6bfa66400d,mohler,0.7619047619047619,0.2813234031197141,0.5714285714285714,21,0.23809523809523814
70ec4054bb7d1122,mohler,0.7936507936507935,0.27531536439622095,0.5714285714285714,21,0.2063492063492065
essay_set_7,asap_sas,0.8553524084977446,0.07836227929703853,0.38095238095238093,21,0.14464759150225537
essay_set_2,asap_sas,0.8963616907437132,0.12210123513916796,0.7142857142857143,21,0.10363830925628681
essay_set_1,asap_sas,0.9104713313896988,0.054258193036679836,0.7142857142857143,21,0.08952866861030118
essay_set_8,asap_sas,0.9248343350285098,0.07706322561207907,0.7142857142857143,21,0.07516566497149024
essay_set_3,asap_sas,0.9457614496710934,0.05059395543562487,0.7619047619047619,21,0.054238550328906565
essay_set_6,asap_sas,0.9583032055917089,0.02305245959093965,0.9523809523809523,21,0.041696794408291105
essay_set_10,asap_sas,0.9643368955492774,0.027851047996709552,1.0,21,0.03566310445072263
essay_set_9,asap_sas,0.9801553062985332,0.031222617985715666,0.9523809523809523,21,0.019844693701466798
essay_set_4,asap_sas,0.981067125645439,0.0387464146801208,0.9523809523809523,21,0.018932874354561036
essay_set_5,asap_sas,0.9866982070005829,0.01995373209834336,1.0,21,0.013301792999417139
